NAME;ADDRESS;AGE;CAUSE;DATE KILLED;COMMENTS
JAMES LIBERT;Arima;28;Shot;01/04/2013;charges pending
OYIN ASSING;Sea Lots;20;Gutted;04/04/2013;charges pending
CHARLIE LEWIS;Laventille ;31;Shot;06/04/2013;charges pending
CANDICE JOSEPH;Laventille;31;Throat slit;06/04/2013;charges pending
JOHN DOE;found shot to death on 7/04/2013 at Marshall Trace, Rock City, Laventille�;null;null;null;null
BRIAN ALEXIS;Sangre Grande;49;Shot;07/04/2013;charges pending
SCIFOR HARRISON;Maraval;17;Stabbed;08/04/2013;charges pending
KYLE PAUL;Arima;17;Shot;09/04/2013;charges pending
MEENA PANCHOO;Marabella;61;Strangled;10/04/2013;charges pending
STEVE GORDON;Pleasantville;null;Shot;10/04/2013;charges pending
ROBERT BOBB;null;26;Stabbed;16/04.2013;Charged: Malika St Louis
KESHORE RICHARDS;null;null;Stabbed;17/04/2013;charges pending
DEOSARAN MAHARAJ;Mayaro;40;Stabbed;22/04/2013;solved
CURLENE RODNEY;Siparia;34;Shot;23/04/2013;charges pending
DENZIL JOSEPH;Arima;37;Shot;24/04/2013;charges pending
DAMIAN CUDJOE;Moruga;32;Shot;26/04/2013;charges pending
ANTHONY SCANTLEBURY;Arouca;34;Shot;28/04/2013;charges pending
KESRAJ MARA;Carapo;51;Shot/Chop;30/04/2013;charges pending
KEVIN RICHARDS;Trou Macaque;32;null;null;null
MICHAEL GOLLIPERSAD;Freeport;25;null;null;null
