NAME;ADDRESS;AGE;CAUSE;DATE KILLED;COMMENTS
KEVIN DOVER;Barataria;26;Shot;02/01/2013;charges pending;
HASSAN COMBIE;Duncan Street;23;Shot;06/01/2013;charges pending;
AKEEM MCDOWELL;Laventille;20;Shot;06/01/2013;Charged/solved;
DANIRAM TEEMAL;Mount Hope;47;Shot;08/01/2013;charges pending;
JEREMY JAMES;Malabar;22;Shot;10/01/2013;charges pending;
CHESTON DANIEL JOSEPH;Picton;26;Shot;10/01/2013;charges pending;
JUNIOR VALENTINE;Laventille;50;Shot;11/01/2013;charges pending;
MARK JOSEPH;Malabar;26;Shot;12/01/2013;charges pending;
KERRON DECARREAU;Malabar;22;Shot;12/01/2013;charges pending;
KEVIN BROWN;Beetham Gardens;24;Shot;12/01/2013;charges pending;
MARVIN HAREWOOD;Diego Martin;31;Shot;12/01/2013;charges pending;
DARKO COLLIER;;null;null;13/01/2013;charges pending;not carried
CHERYL LORNA ADAMS;Aranjuez;50;Chopped;13/01/2013;charges pending;
MIKAH RAMKISSOON;Laventille ;21;Shot;13/01/2013;charges pending;
EUGENE BROWN ;McBean, Couva;34;Shot;13/01/2013;charges pending;
ADRIAN ALFRED;Bethel, Tobago;27;Shot;14/01/2013;charges pending;
"DEVON ""Cheat"" HART";San Juan;19;Shot;14/01/2013;charges pending;
ELTON REGIS;John John;52;Shot;14/01/2013;charges pending;
PASCALL ROMERO;Carapo, Arima;72;Shot;16/01/2013;charges pending;
TYRON E. ACHAIA;Freeport;28;Shot;15/01/2013;charges pending;
QUINCY PROSTER;Morvant;17;Shot;16/01/2013;charges pending;
MARVIN GILL;Barataria;null;Shot;19/01/2013;charges pending;
HANNIS HARRISON;Belmont;17;Shot;21/01/2013;charges pending;
TERRY ROGET;Beetham Gardens;40;Shot;20/01/2013;*one of 8 shot on 17/01/2013;
MARLON RAYMOND;Morvant ;22;Shot;22/01/2013;charges pending;
CHERISSE CHARLES;Morvant;20;Shot;22/01/2013;charges pending;
CARLTON WEEKES;Laventille;58;Shot;23/01/2013;charges pending;
MIGGY RAGOONANAN;Sangre Grande;34;Shot;22/01/2013;charges pending;
JAGDEO BASDEO;Curepe;null;null;23/01/2013;charged/solved;not carried
KALOUTIE ROOPNARINE;Princes Town;54;Beaten;12/01/2013;charged - Clive Manickchand;
CASSIMO PERCELL;Laventille;26;Shot;24/01/2013;charges pending;
KESTON HUGGINS;Malabar;30;Stabbed;25/01/2013;charges pending;
AKIL ADAMS;Sea Lots ;22;Stabbed;26/01/2013;charges pending;
BRENT CASTILLO;;null;null;27/01/2013;charges pending;not carried
ASSIM LEMAITRE;Belmont;33;Shot;29/01/2013;charges pending;
AUGUSTINE DANIEL;Laventille ;25;Shot;30/01/2013;charges pending;
CLYDE SEEBHARATH;Arouca;33;Shot;31/01/2013;charges pending;
FABIOLA CHACON;Port of Spain;36;Stabbed;31/01/2013;charged CURTIS LEWIS of East Dry River;
SHERWIN ROSS;Laventille;35;Shot;13/01/2013;charges pending;
