NAME;ADDRESS;AGE;CAUSE;DATE KILLED;COMMENTS
JEROME RAMSAHAI;Debe;27;burnt;01/03/2013;charges pending
DALE RAMSAHAI;Debe;28;burnt;01/03/2013;charges pending
KARIM AUDAIN;Laventille;24;shot;01/03/2013;charges pending
KUAR SINGH ;Hamden, Tobago;76;Strangled;24/02/2013;charges pending
NANAN RAMDASS;Trincity;55;Chopped;02/03/2013;charges pending
GARNET EDWARDS;Arima;31;Shot;08/03/2013;charges pending
DAVID SAMMY;null;null;Shot;09/03/2013;charges pending
KERRON HALL;Beetham Gardens;20;Shot;11/03/2013;Shot on 4/03/2013 died on 11/03.2013
HAYDEN THOMAS;Diego Martin;40;Shot;14/03/2013;charges pending
ANDY MOHAMMED;Caroni;34;Shot;14/03/2013;charges pending
REENA RAMKISSOON;Tunapuna;50;Strangled;15/03/2013;charges pending  not on police record
CAREEM PRIMUS;Morvant;27;Shot;16/03/2013;charges pending
TEKLAN HILL;Morvant;33;Shot;17/03/2013;charges pending
JUSTIN THOMAS;Cocorite;53;Shot;21/03/2013;charges pending
JENNIFER ALI;Freeport;44;Burned;21/03/2013;charges pending
STEPHEN COLLINS;Morvant;40;Shot;22/03/2013;charges pending
DEXTER McDONNELL;Laventille;35;Shot;24/03/2013;charges pending
JOHNNY NOEL;Carenage;32;Shot;11/03/2013;Charged: PC Kevon Marshall, PC Kenrol Patterson, Mark Collette, Ins Collins
JERRY JAMES;Petit Bourg;48;shot;31/03/2013;charges pending
DALE EDWARDS;Wallerfield;null;Shot;30/03/2013;solved
